"name","results","se","(lower","upper)","missInfo","race","percentile"
"1:networth.0.01",-56197.2,7830.80755558495,-71545.7009750253,-40848.6990249747,"1 %","white",0.01
"2:networth.0.01",-155276,16809.2371771128,-188279.309563804,-122272.690436196,"8 %","Black",0.01
"3:networth.0.01",-34002,21023.0106629067,-75206.4131591478,7202.41315914778,"0 %","Latino",0.01
"1:networth.0.02",-29582,4514.91426976816,-38475.859452527,-20688.140547473,"14 %","white",0.02
"2:networth.0.02",-117584,30826.7925337945,-182434.086637757,-52733.9133622425,"53 %","Black",0.02
"3:networth.0.02",-13762,7073.64413081075,-27626.0910070256,102.091007025585,"0 %","Latino",0.02
"1:networth.0.03",-15712.8,2331.03260052283,-20356.5159479814,-11069.0840520186,"25 %","white",0.03
"2:networth.0.03",-81632,13527.2003332181,-108920.727678441,-54343.2723215586,"34 %","Black",0.03
"3:networth.0.03",-11522,2767.56414532506,-17000.056002281,-6043.94399771903,"19 %","Latino",0.03
"1:networth.0.04",-8968,2882.59853586695,-14623.4560549379,-3312.54394506207,"6 %","white",0.04
"2:networth.0.04",-68328,10074.0769842785,-88614.6039900786,-48041.3960099214,"33 %","Black",0.04
"3:networth.0.04",-10106,3053.12583790571,-16090.036471579,-4121.96352842104,"0 %","Latino",0.04
"1:networth.0.05",-2124,1228.75044920274,-4532.69063260599,284.69063260599,"2 %","white",0.05
"2:networth.0.05",-51177,10974.3755292532,-72694.5940741443,-29659.4059258557,"4 %","Black",0.05
"3:networth.0.05",-4538,3528.78082370428,-11456.4843302284,2380.48433022842,"3 %","Latino",0.05
"1:networth.0.06",32.4,463.266529862926,-875.592491696402,940.392491696402,"0 %","white",0.06
"2:networth.0.06",-35988,9695.67677817231,-54994.2716391381,-16981.7283608619,"2 %","Black",0.06
"3:networth.0.06",-1000,2143.49657602412,-5201.45735421777,3201.45735421777,"1 %","Latino",0.06
"1:networth.0.07",434,254.232978180978,-64.3426242329879,932.342624232988,"2 %","white",0.07
"2:networth.0.07",-27856,7561.52051702931,-42842.3522265142,-12869.6477734858,"21 %","Black",0.07
"3:networth.0.07",-324,1015.26180300989,-2321.43032037975,1673.43032037975,"12 %","Latino",0.07
"1:networth.0.08",1248.8,866.459354995046,-451.577287422999,2949.177287423,"7 %","white",0.08
"2:networth.0.08",-19387.8,5366.73065913608,-29914.314993701,-8861.28500629897,"5 %","Black",0.08
"3:networth.0.08",20,365.258236115206,-695.902845987293,735.902845987293,"1 %","Latino",0.08
"1:networth.0.09",3844.4,839.617430867242,2198.30532252801,5490.49467747199,"3 %","white",0.09
"2:networth.0.09",-14420,4061.78119410604,-22480.759772825,-6359.24022717503,"22 %","Black",0.09
"3:networth.0.09",78.2,149.954723357464,-215.82342976783,372.22342976783,"4 %","Latino",0.09
"1:networth.0.1",5532,862.350659964322,3750.86809559845,7313.13190440155,"46 %","white",0.1
"2:networth.0.1",-11753.8,3145.5789822919,-17969.6470760172,-5537.95292398281,"18 %","Black",0.1
"3:networth.0.1",232,125.233772899439,-14.3968174902027,478.396817490203,"12 %","Latino",0.1
"1:networth.0.11",7050.2,760.549829024821,5535.63711599436,8564.76288400564,"25 %","white",0.11
"2:networth.0.11",-9902,2827.86010834971,-15462.7872862387,-4341.21271376132,"11 %","Black",0.11
"3:networth.0.11",282,228.460076621313,-165.786156247163,729.786156247163,"1 %","Latino",0.11
"1:networth.0.12",8828,856.42919902165,7120.45431569751,10535.5456843025,"26 %","white",0.12
"2:networth.0.12",-7538,3012.68935207167,-13457.3769813066,-1618.6230186934,"9 %","Black",0.12
"3:networth.0.12",366,408.221102512686,-434.155618667979,1166.15561866798,"2 %","Latino",0.12
"1:networth.0.13",10230.4,953.412355997859,8339.62042444224,12121.1795755578,"21 %","white",0.13
"2:networth.0.13",-4268,3028.33342195653,-10312.6919058865,1776.69190588654,"27 %","Black",0.13
"3:networth.0.13",516,661.224863327907,-780.418913249451,1812.41891324945,"3 %","Latino",0.13
"1:networth.0.14",12066,999.08210978686,10099.0293004152,14032.9706995848,"13 %","white",0.14
"2:networth.0.14",-2623.4,2093.43242399251,-6742.42282995718,1495.62282995718,"12 %","Black",0.14
"3:networth.0.14",973,936.727601069073,-869.746977247894,2815.74697724789,"12 %","Latino",0.14
"1:networth.0.15",14519,1577.5832137969,11245.729549714,17792.270450286,"47 %","white",0.15
"2:networth.0.15",-1132,1681.24707583644,-4565.01797539117,2301.01797539117,"40 %","Black",0.15
"3:networth.0.15",1882,1165.31326416845,-433.125070713799,4197.1250707138,"23 %","Latino",0.15
"1:networth.0.16",16994,2040.94057625167,12968.541951339,21019.458048661,"15 %","white",0.16
"2:networth.0.16",-181.8,886.014874742495,-1921.98177987074,1558.38177987074,"9 %","Black",0.16
"3:networth.0.16",2646.4,1111.71922431168,464.640289494491,4828.15971050551,"7 %","Latino",0.16
"1:networth.0.17",20764,1899.24748010682,16967.9091471508,24560.0908528492,"28 %","white",0.17
"2:networth.0.17",0.6,436.801756356634,-855.515710843764,856.715710843764,"0 %","Black",0.17
"3:networth.0.17",3612.2,1100.22170481121,1451.51496402415,5772.88503597585,"8 %","Latino",0.17
"1:networth.0.18",24789,3307.57402626999,18088.4991944475,31489.5008055525,"36 %","white",0.18
"2:networth.0.18",42.6,191.630322736605,-333.363883487888,418.563883487889,"6 %","Black",0.18
"3:networth.0.18",4432.2,1194.54005009462,2056.78754521908,6807.61245478092,"24 %","Latino",0.18
"1:networth.0.19",29420.4,2952.30205127657,23594.0330392982,35246.7669607018,"16 %","white",0.19
"2:networth.0.19",98,158.652754334682,-212.953770086985,408.953770086985,"0 %","Black",0.19
"3:networth.0.19",5102.2,1148.36888849274,2838.48546891009,7365.91453108991,"15 %","Latino",0.19
"1:networth.0.2",34033,3894.04910520016,26324.4766291835,41741.5233708165,"19 %","white",0.2
"2:networth.0.2",154,232.391541571816,-302.063961522522,610.063961522523,"7 %","Black",0.2
"3:networth.0.2",6062,1090.20291142312,3910.6451443107,8213.3548556893,"16 %","Latino",0.2
"1:networth.0.21",39816.4,3829.42350498677,32303.5411726956,47329.2588273044,"6 %","white",0.21
"2:networth.0.21",356,338.316203891772,-307.454903975959,1019.45490397596,"4 %","Black",0.21
"3:networth.0.21",6672,883.048218130995,4941.20775539914,8402.79224460086,"1 %","Latino",0.21
"1:networth.0.22",46032,4085.27065695986,38005.141686089,54058.858313911,"9 %","white",0.22
"2:networth.0.22",542,496.846912622022,-431.90906302531,1515.90906302531,"2 %","Black",0.22
"3:networth.0.22",6994,876.667928821943,5275.75640923242,8712.24359076758,"0 %","Latino",0.22
"1:networth.0.23",52506,4323.10949684272,44000.5848801491,61011.4151198509,"12 %","white",0.23
"2:networth.0.23",744,764.838832648354,-755.470833122235,2243.47083312224,"3 %","Black",0.23
"3:networth.0.23",7860,1242.82390565069,5351.59186381354,10368.4081361865,"34 %","Latino",0.23
"1:networth.0.24",58957,4531.55987924043,49894.6499849827,68019.3500150173,"28 %","white",0.24
"2:networth.0.24",1064,1020.45169278049,-938.010164076559,3066.01016407656,"6 %","Black",0.24
"3:networth.0.24",8866,1178.06370158358,6554.05785849106,11177.9421415089,"7 %","Latino",0.24
"1:networth.0.25",64621,3936.54366335653,56880.9644273862,72361.0355726138,"11 %","white",0.25
"2:networth.0.25",1834,1262.84862790744,-657.572644537226,4325.57264453723,"16 %","Black",0.25
"3:networth.0.25",9394.2,1095.51892362035,7246.04820343953,11542.3517965605,"4 %","Latino",0.25
"1:networth.0.26",71040,4955.51765980016,61067.4268428707,81012.5731571293,"32 %","white",0.26
"2:networth.0.26",2864.2,1292.50317045635,318.956378887254,5409.44362111275,"13 %","Black",0.26
"3:networth.0.26",9866,990.856659045338,7923.15936003183,11808.8406399682,"4 %","Latino",0.26
"1:networth.0.27",76713,4835.7899645021,67104.8316634338,86321.1683365662,"23 %","white",0.27
"2:networth.0.27",3658,1222.66985654639,1258.17705606341,6057.82294393659,"7 %","Black",0.27
"3:networth.0.27",10376,1060.11967749702,8298.19766730404,12453.802332696,"0 %","Latino",0.27
"1:networth.0.28",82212.2,3939.35792823151,74360.2390118576,90064.1609881424,"26 %","white",0.28
"2:networth.0.28",4036.4,1173.31164057451,1736.05476261009,6336.74523738991,"3 %","Black",0.28
"3:networth.0.28",11160.2,1463.04721340774,8260.25620313833,14060.1437968617,"21 %","Latino",0.28
"1:networth.0.29",87744,4775.64016725456,78085.7585533672,97402.2414466328,"35 %","white",0.29
"2:networth.0.29",4500,1268.27882341915,2007.5078219722,6992.4921780278,"10 %","Black",0.29
"3:networth.0.29",12314,1621.67001169759,9116.70273205825,15511.2972679418,"15 %","Latino",0.29
"1:networth.0.3",93430,5817.89121092413,81843.6212557127,105016.378744287,"25 %","white",0.3
"2:networth.0.3",5176,1510.06302528083,2203.62322873919,8148.37677126081,"13 %","Black",0.3
"3:networth.0.3",13372,1673.67382421949,10054.3742763009,16689.6257236991,"21 %","Latino",0.3
"1:networth.0.31",100798,5039.49889565277,90893.5835404322,110702.416459568,"10 %","white",0.31
"2:networth.0.31",6114.2,1713.773983515,2748.83905188337,9479.56094811663,"8 %","Black",0.31
"3:networth.0.31",13948,1517.10374943973,10964.8762089281,16931.1237910719,"11 %","Latino",0.31
"1:networth.0.32",108270,5096.41626523956,98251.7031238469,118288.296876153,"10 %","white",0.32
"2:networth.0.32",6922,1992.07686836476,2993.76533980485,10850.2346601952,"15 %","Black",0.32
"3:networth.0.32",14968.2,1657.77756229541,11680.0997740958,18256.3002259042,"21 %","Latino",0.32
"1:networth.0.33",115116,5689.33309870178,103847.84192366,126384.15807634,"20 %","white",0.33
"2:networth.0.33",7812,2109.82204797043,3654.70888184619,11969.2911181538,"14 %","Black",0.33
"3:networth.0.33",16398,1631.0051930049,13199.6838332854,19596.3161667146,"4 %","Latino",0.33
"1:networth.0.34",122912,5874.15785559619,111349.863632957,134474.136367043,"12 %","white",0.34
"2:networth.0.34",9138,2043.78969745118,5121.71921492703,13154.280785073,"10 %","Black",0.34
"3:networth.0.34",16996,1724.21164535632,13612.8379602309,20379.1620397691,"6 %","Latino",0.34
"1:networth.0.35",130148,5760.68343647474,118826.784303423,141469.215696577,"10 %","white",0.35
"2:networth.0.35",10238.2,1902.77675370165,6501.39135483187,13975.0086451681,"8 %","Black",0.35
"3:networth.0.35",18262,2002.48992309387,14268.6833860182,22255.3166139818,"26 %","Latino",0.35
"1:networth.0.36",139736,6468.62021943434,126820.63328252,152651.36671748,"27 %","white",0.36
"2:networth.0.36",11100,1788.58049700774,7576.9801329839,14623.0198670161,"14 %","Black",0.36
"3:networth.0.36",19314,2258.43327978845,14792.2322153406,23835.7677846594,"29 %","Latino",0.36
"1:networth.0.37",145664.2,6043.70879285496,133694.032653542,157634.367346458,"20 %","white",0.37
"2:networth.0.37",12066,1940.77351204966,8202.62290398372,15929.3770960163,"24 %","Black",0.37
"3:networth.0.37",20314,2556.97695256833,15260.5533681741,25367.4466318259,"18 %","Latino",0.37
"1:networth.0.38",154488,6496.0795067019,141675.129529869,167300.870470131,"15 %","white",0.38
"2:networth.0.38",12826,2106.66273275505,8656.64709830216,16995.3529016978,"19 %","Black",0.38
"3:networth.0.38",21992,3087.01053981951,15912.4660075618,28071.5339924382,"13 %","Latino",0.38
"1:networth.0.39",161736,7165.39099295437,147513.324785651,175958.675214349,"22 %","white",0.39
"2:networth.0.39",13738,2345.16021266445,9132.00624128123,18343.9937587188,"9 %","Black",0.39
"3:networth.0.39",23762,3710.16056080949,16415.3990890887,31108.6009109113,"20 %","Latino",0.39
"1:networth.0.4",169776,6618.62918523394,156733.029576554,182818.970423446,"14 %","white",0.4
"2:networth.0.4",14928,2836.78409572553,9336.07501300996,20519.92498699,"15 %","Black",0.4
"3:networth.0.4",25440,4175.96526140025,17131.6366812462,33748.3633187538,"24 %","Latino",0.4
"1:networth.0.41",178840,7091.85667854017,164675.164081422,193004.835918578,"27 %","white",0.41
"2:networth.0.41",16774,3396.5039509434,9995.02459295821,23552.9754070418,"27 %","Black",0.41
"3:networth.0.41",28142,4645.88314848704,18837.8062442666,37446.1937557334,"29 %","Latino",0.41
"1:networth.0.42",189372,9222.18341051912,171009.308596093,207734.691403907,"25 %","white",0.42
"2:networth.0.42",18499,3313.99717393089,11952.3170140895,25045.6829859105,"17 %","Black",0.42
"3:networth.0.42",30482,4853.44976033204,20897.4618499245,40066.5381500755,"17 %","Latino",0.42
"1:networth.0.43",199004,9380.37821734123,180559.377695275,217448.622304725,"11 %","white",0.43
"2:networth.0.43",20926,3795.62927751457,13179.0119294102,28672.9880705898,"40 %","Black",0.43
"3:networth.0.43",32956,5556.12864580068,21971.7945284871,43940.2054715129,"18 %","Latino",0.43
"1:networth.0.44",209814.2,9817.61908198999,190379.207312911,229249.192687089,"19 %","white",0.44
"2:networth.0.44",22730,3497.12815818259,15776.7828301786,29683.2171698214,"23 %","Black",0.44
"3:networth.0.44",35426,6305.9438421411,22997.2448222633,47854.7551777367,"14 %","Latino",0.44
"1:networth.0.45",220450,9673.92990271784,201296.113679986,239603.886320014,"20 %","white",0.45
"2:networth.0.45",25040,4106.13014945229,16853.6210711999,33226.3789288001,"26 %","Black",0.45
"3:networth.0.45",39372,6726.47586724809,26176.0160439497,52567.9839560503,"6 %","Latino",0.45
"1:networth.0.46",234159.2,11172.5865896938,211887.327370151,256431.07262985,"26 %","white",0.46
"2:networth.0.46",27812,4889.55650817435,18159.7751534344,37464.2248465656,"16 %","Black",0.46
"3:networth.0.46",42768,8207.36937570079,26467.570923052,59068.429076948,"23 %","Latino",0.46
"1:networth.0.47",248530,10739.3293027092,227395.747276529,269664.252723471,"12 %","white",0.47
"2:networth.0.47",30752,6320.80007502802,18302.125489245,43201.874510755,"13 %","Black",0.47
"3:networth.0.47",47712,8510.99436835273,31010.8988090037,64413.1011909963,"6 %","Latino",0.47
"1:networth.0.48",259920,10109.6687118266,239564.529981703,280275.470018297,"33 %","white",0.48
"2:networth.0.48",34482,7735.91795673848,19291.3908559122,49672.6091440878,"8 %","Black",0.48
"3:networth.0.48",52652,10053.9646011992,32669.9529119288,72634.0470880712,"23 %","Latino",0.48
"1:networth.0.49",272602,11314.8793777613,249307.701161845,295896.298838155,"44 %","white",0.49
"2:networth.0.49",38070,9460.67181354996,19407.5660137144,56732.4339862856,"15 %","Black",0.49
"3:networth.0.49",58570,9409.77816930913,40095.0087336633,77044.9912663367,"8 %","Latino",0.49
"1:networth.0.5",284000.2,12168.1792390072,259296.770170428,308703.629829572,"37 %","white",0.5
"2:networth.0.5",45174.2,10871.8722959657,23518.0637066992,66830.3362933008,"25 %","Black",0.5
"3:networth.0.5",63958,10274.2330547124,43316.7756053341,84599.2243946659,"31 %","Latino",0.5
"1:networth.0.51",294498,9887.03779111641,274717.575696211,314278.424303789,"28 %","white",0.51
"2:networth.0.51",52938,10518.1676441091,32116.3126090498,73759.6873909502,"19 %","Black",0.51
"3:networth.0.51",67842,9080.7631373641,49739.5374797642,85944.4625202358,"26 %","Latino",0.51
"1:networth.0.52",306009.64,12625.7970783723,279896.351914511,332122.92808549,"46 %","white",0.52
"2:networth.0.52",59219,9727.72980093032,40117.8569678029,78320.1430321971,"8 %","Black",0.52
"3:networth.0.52",72178,8035.82058563307,56407.5068249648,87948.4931750352,"7 %","Latino",0.52
"1:networth.0.53",321144.4,11128.6098777226,299165.697535865,343123.102464135,"17 %","white",0.53
"2:networth.0.53",64594,10342.0274804811,44111.4923833666,85076.5076166334,"20 %","Black",0.53
"3:networth.0.53",76360,9404.5273702759,57636.4331800597,95083.5668199403,"25 %","Latino",0.53
"1:networth.0.54",334490,14953.9936872607,302569.383601409,366410.616398591,"57 %","white",0.54
"2:networth.0.54",69782,10164.7198570946,49628.3224759959,89935.6775240041,"21 %","Black",0.54
"3:networth.0.54",82300,11969.3161453939,57390.4171663164,107209.582833684,"49 %","Latino",0.54
"1:networth.0.55",353048,17837.1727644074,315890.21211735,390205.78788265,"49 %","white",0.55
"2:networth.0.55",75034,9781.19525639016,55628.6037367135,94439.3962632865,"22 %","Black",0.55
"3:networth.0.55",89260.4,10393.3588609137,68576.6223140456,109944.177685954,"24 %","Latino",0.55
"1:networth.0.56",371607,19377.2838733242,331126.534592021,412087.465407979,"50 %","white",0.56
"2:networth.0.56",80526,8895.94559744515,62946.0211799484,98105.9788200516,"18 %","Black",0.56
"3:networth.0.56",94238.2,9407.48630981654,75764.6836389479,112711.716361052,"8 %","Latino",0.56
"1:networth.0.57",386726,15927.1648877696,354949.555499737,418502.444500263,"26 %","white",0.57
"2:networth.0.57",84608,8408.10192698588,68100.4263705192,101115.573629481,"8 %","Black",0.57
"3:networth.0.57",97170.2,10487.9272936078,76546.8113733552,117793.588626645,"11 %","Latino",0.57
"1:networth.0.58",401250,13287.4755823837,374378.808052864,428121.191947136,"35 %","white",0.58
"2:networth.0.58",88760,9083.25130326175,70955.7962013668,106564.203798633,"2 %","Black",0.58
"3:networth.0.58",102994,12846.4170279785,77670.1957412984,128317.804258702,"15 %","Latino",0.58
"1:networth.0.59",412478,11947.178316379,387687.506785275,437268.493214725,"47 %","white",0.59
"2:networth.0.59",93426,11442.0935049015,70792.149157738,116059.850842262,"19 %","Black",0.59
"3:networth.0.59",110310,14739.7345299113,81386.6438630099,139233.35613699,"6 %","Latino",0.59
"1:networth.0.6",422470,11631.9735590319,398013.444737239,446926.555262761,"52 %","white",0.6
"2:networth.0.6",99354.2,11722.7986394006,76349.3250781468,122359.074921853,"7 %","Black",0.6
"3:networth.0.6",118444,16592.857137775,85824.4139529396,151063.58604706,"10 %","Latino",0.6
"1:networth.0.61",436952,16477.9356604779,400750.856339578,473153.143660422,"66 %","white",0.61
"2:networth.0.61",103978,12432.2715830535,79335.5621284698,128620.43787153,"21 %","Black",0.61
"3:networth.0.61",129806,17136.6689970534,96124.7511991304,163487.24880087,"10 %","Latino",0.61
"1:networth.0.62",454065,18468.5441325752,413983.180661712,494146.819338288,"62 %","white",0.62
"2:networth.0.62",110964,11877.2164883073,87191.003453184,134736.996546816,"29 %","Black",0.62
"3:networth.0.62",136878,16291.6921224288,104925.000844821,168830.999155179,"5 %","Latino",0.62
"1:networth.0.63",471932,19825.111766394,427877.449683199,515986.550316801,"68 %","white",0.63
"2:networth.0.63",120190,12064.5992762029,95048.9495461448,145331.050453855,"49 %","Black",0.63
"3:networth.0.63",141546,15731.883715482,110679.841944076,172412.158055924,"6 %","Latino",0.63
"1:networth.0.64",496160,30708.1846296139,423526.176908221,568793.823091779,"81 %","white",0.64
"2:networth.0.64",127480,9601.0678357176,108172.861763358,146787.138236642,"32 %","Black",0.64
"3:networth.0.64",149326,16233.1205548641,117416.5896966,181235.4103034,"10 %","Latino",0.64
"1:networth.0.65",527304.8,33829.5321614557,453526.480487188,601083.119512812,"64 %","white",0.65
"2:networth.0.65",132144,9469.5229188483,113014.162853694,151273.837146306,"35 %","Black",0.65
"3:networth.0.65",156796,17096.6575984391,123279.745259094,190312.254740906,"3 %","Latino",0.65
"1:networth.0.66",557064,35055.053791338,484333.721495229,629794.278504771,"47 %","white",0.66
"2:networth.0.66",138429,8644.17338017305,121258.713963385,155599.286036615,"23 %","Black",0.66
"3:networth.0.66",165774,20362.7822869298,125125.461327672,206422.538672328,"27 %","Latino",0.66
"1:networth.0.67",585360,29850.843529967,521828.092244207,648891.907755793,"57 %","white",0.67
"2:networth.0.67",142982,8678.22086807304,125777.035155972,160186.964844028,"21 %","Black",0.67
"3:networth.0.67",173834,19538.7404667854,135072.574812897,212595.425187103,"21 %","Latino",0.67
"1:networth.0.68",613306,33390.0804586207,536829.173129166,689782.826870834,"75 %","white",0.68
"2:networth.0.68",146654,9716.36544998167,127030.083178728,166277.916821272,"34 %","Black",0.68
"3:networth.0.68",185110,18120.0660106974,149073.907499068,221146.092500932,"24 %","Latino",0.68
"1:networth.0.69",646120,34751.0299408759,565974.891744236,726265.108255764,"76 %","white",0.69
"2:networth.0.69",152239,8852.16494644531,134817.382410248,169660.617589752,"12 %","Black",0.69
"3:networth.0.69",193264,13660.3340454102,166453.745591814,220074.254408186,"7 %","Latino",0.69
"1:networth.0.7",677624,35547.0618447839,596932.778628084,758315.221371916,"73 %","white",0.7
"2:networth.0.7",160350,12316.9013878123,135152.133919083,185547.866080917,"41 %","Black",0.7
"3:networth.0.7",197700,11009.4201735153,176067.807619018,219332.192380982,"9 %","Latino",0.7
"1:networth.0.71",711136,40064.3897329908,618014.1272016,804257.8727984,"77 %","white",0.71
"2:networth.0.71",166820,13750.3400686447,139463.444162112,194176.555837888,"24 %","Black",0.71
"3:networth.0.71",202120,9816.96719723279,182751.581067978,221488.418932022,"16 %","Latino",0.71
"1:networth.0.72",756833,45765.6624316482,652661.893541851,861004.106458149,"73 %","white",0.72
"2:networth.0.72",173778,16068.8933839569,142001.680224887,205554.319775113,"18 %","Black",0.72
"3:networth.0.72",205442,10234.8426317538,185325.341042147,225558.658957853,"10 %","Latino",0.72
"1:networth.0.73",800052,46028.7424846457,692579.784131314,907524.215868686,"78 %","white",0.73
"2:networth.0.73",185674,20883.5003901079,143991.087455238,227356.912544762,"27 %","Black",0.73
"3:networth.0.73",209084,12606.5889252755,184275.881527196,233892.118472804,"12 %","Latino",0.73
"1:networth.0.74",844086,55523.4037828662,707505.60598126,980666.39401874,"86 %","white",0.74
"2:networth.0.74",201910,22212.3173265058,158227.332521475,245592.667478525,"11 %","Black",0.74
"3:networth.0.74",216822,14661.0693714357,188073.062587167,245570.937412833,"4 %","Latino",0.74
"1:networth.0.75",889642,60115.4137616242,741777.639447322,1037506.36055268,"86 %","white",0.75
"2:networth.0.75",212722,24430.6661363462,164673.312223201,260770.687776799,"11 %","Black",0.75
"3:networth.0.75",224910.4,17088.1457048499,191381.967049048,258438.832950952,"6 %","Latino",0.75
"1:networth.0.76",939582,58269.3393008887,802724.327355804,1076439.6726442,"79 %","white",0.76
"2:networth.0.76",233398,24665.3947272051,184946.513980881,281849.486019119,"9 %","Black",0.76
"3:networth.0.76",233724,19334.5416573351,195742.413333695,271705.586666305,"9 %","Latino",0.76
"1:networth.0.77",988506,61625.2841162003,834670.576996594,1142341.42300341,"88 %","white",0.77
"2:networth.0.77",248118,23918.9784464927,201174.58729582,295061.41270418,"7 %","Black",0.77
"3:networth.0.77",244638,20599.8746957416,204201.294478026,285074.705521974,"7 %","Latino",0.77
"1:networth.0.78",1040924,75393.476906691,855081.531832303,1226766.4681677,"87 %","white",0.78
"2:networth.0.78",263165,25753.1285187904,211908.735374151,314421.264625849,"24 %","Black",0.78
"3:networth.0.78",255288,21728.6632304274,212665.232508322,297910.767491678,"5 %","Latino",0.78
"1:networth.0.79",1103074,78582.67399218,917308.025155576,1288839.97484442,"80 %","white",0.79
"2:networth.0.79",280204,25356.4307755252,229696.410404319,330711.589595681,"25 %","Black",0.79
"3:networth.0.79",265400,23544.4761084244,219217.757332041,311582.242667959,"5 %","Latino",0.79
"1:networth.0.8",1180102,67336.1823115868,1028563.39548007,1331640.60451993,"71 %","white",0.8
"2:networth.0.8",296578,22006.2276400962,253249.157255727,339906.842744273,"13 %","Black",0.8
"3:networth.0.8",277924,27967.7267887681,222906.518332007,332941.481667993,"12 %","Latino",0.8
"1:networth.0.81",1243372,62373.2842946607,1096403.7540554,1390340.2459446,"80 %","white",0.81
"2:networth.0.81",305377,20450.9278031761,265204.813691117,345549.186308883,"9 %","Black",0.81
"3:networth.0.81",292318,38801.1921170613,213886.530608882,370749.469391118,"35 %","Latino",0.81
"1:networth.0.82",1298040,66261.0655493787,1132521.4183243,1463558.5816757,"89 %","white",0.82
"2:networth.0.82",317508,26277.2465716961,265044.682590358,369971.317409642,"27 %","Black",0.82
"3:networth.0.82",313126,46867.7838289336,219421.476481675,406830.523518325,"28 %","Latino",0.82
"1:networth.0.83",1369520,76904.2022094459,1175491.13989318,1563548.86010682,"90 %","white",0.83
"2:networth.0.83",339798,30622.39944105,278686.773237139,400909.226762861,"26 %","Black",0.83
"3:networth.0.83",347492,53594.8191641487,241690.802674213,453293.197325787,"16 %","Latino",0.83
"1:networth.0.84",1444848,111885.985431719,1155180.91295698,1734515.08704302,"93 %","white",0.84
"2:networth.0.84",368408,29605.4635657771,309647.290153216,427168.709846784,"22 %","Black",0.84
"3:networth.0.84",375810,60338.3113426654,256798.328423377,494821.671576623,"15 %","Latino",0.84
"1:networth.0.85",1555402,127510.169591127,1248077.66453335,1862726.33546665,"84 %","white",0.85
"2:networth.0.85",388454,29193.273672318,328940.924134675,447967.075865325,"39 %","Black",0.85
"3:networth.0.85",410894,55822.7407960987,301476.17359641,520311.82640359,"1 %","Latino",0.85
"1:networth.0.86",1721780.2,148495.292373149,1345353.08659337,2098207.31340663,"90 %","white",0.86
"2:networth.0.86",409610,34977.6846782474,334527.497394744,484692.502605256,"59 %","Black",0.86
"3:networth.0.86",421628,49804.6362530111,324012.093317729,519243.906682271,"0 %","Latino",0.86
"1:networth.0.87",1921638,163914.57831677,1555353.5915671,2287922.4084329,"70 %","white",0.87
"2:networth.0.87",439132,34377.5276410688,369200.915835996,509063.084164004,"38 %","Black",0.87
"3:networth.0.87",459508,40415.7577578454,380274.164860642,538741.835139358,"3 %","Latino",0.87
"1:networth.0.88",2116740,102901.190095006,1902075.36836145,2331404.63163855,"50 %","white",0.88
"2:networth.0.88",462430,36177.5255861134,389960.985642399,534899.014357601,"29 %","Black",0.88
"3:networth.0.88",486728,31545.6141207056,424876.620650437,548579.379349563,"4 %","Latino",0.88
"1:networth.0.89",2295918,89509.011081034,2107777.64215621,2484058.35784379,"52 %","white",0.89
"2:networth.0.89",486280,40578.5299136139,404792.799845098,567767.200154902,"31 %","Black",0.89
"3:networth.0.89",499116,28539.5806883342,443178.596430421,555053.403569579,"1 %","Latino",0.89
"1:networth.0.9",2528986,112039.496345385,2299895.73202511,2758076.26797489,"41 %","white",0.9
"2:networth.0.9",516252,47512.8207765866,422022.754614993,610481.245385007,"21 %","Black",0.9
"3:networth.0.9",518844,43922.4597411428,432673.474821321,605014.525178679,"6 %","Latino",0.9
"1:networth.0.91",2755490,120928.21972401,2500200.80587673,3010779.19412327,"54 %","white",0.91
"2:networth.0.91",547484,58243.9094966062,432902.3825118,662065.6174882,"12 %","Black",0.91
"3:networth.0.91",548394,68370.9939732137,414264.618284614,682523.381715386,"6 %","Latino",0.91
"1:networth.0.92",3071500,162059.013559292,2699252.41846046,3443747.58153954,"75 %","white",0.92
"2:networth.0.92",637080,74027.9096705401,490769.076896925,783390.923103075,"18 %","Black",0.92
"3:networth.0.92",626764,90021.2180237393,450128.581873204,803399.418126796,"6 %","Latino",0.92
"1:networth.0.93",3552310,263938.417119372,2979014.81922003,4125605.18077997,"63 %","white",0.93
"2:networth.0.93",684360,69978.9567184616,547201.929012454,821518.070987546,"1 %","Black",0.93
"3:networth.0.93",689362,96753.9985130211,499664.481189851,879059.518810149,"3 %","Latino",0.93
"1:networth.0.94",4266202,243197.403651624,3744350.80083893,4788053.19916107,"59 %","white",0.94
"2:networth.0.94",747692,73486.0163267348,603569.942315161,891814.057684839,"5 %","Black",0.94
"3:networth.0.94",793248,111351.925196458,574210.094518324,1012285.90548168,"11 %","Latino",0.94
"1:networth.0.95",4988720,215731.382857711,4554873.10456078,5422566.89543922,"32 %","white",0.95
"2:networth.0.95",835172,90910.8526974856,656512.937093735,1013831.06290626,"10 %","Black",0.95
"3:networth.0.95",893196,142040.791607416,612196.210178127,1174195.78982187,"19 %","Latino",0.95
"1:networth.0.96",6302600,366933.907638186,5581781.40653791,7023418.5934621,"9 %","white",0.96
"2:networth.0.96",961140,100613.769220486,763110.359643965,1159169.64035603,"12 %","Black",0.96
"3:networth.0.96",1086720,225552.191240388,603831.884165446,1569608.11583455,"58 %","Latino",0.96
"1:networth.0.97",7967768,351108.827464127,7279598.43298363,8655937.56701637,"1 %","white",0.97
"2:networth.0.97",1084482,133797.89148386,822221.162494197,1346742.8375058,"2 %","Black",0.97
"3:networth.0.97",1341224,193504.619778369,953802.067752142,1728645.93224786,"29 %","Latino",0.97
"1:networth.0.98",10558540,468668.749376047,9639952.40387406,11477127.5961259,"1 %","white",0.98
"2:networth.0.98",1368128,265227.109817627,843982.265540497,1892273.7344595,"18 %","Black",0.98
"3:networth.0.98",1549160,284847.883774374,985528.765597373,2112791.23440263,"19 %","Latino",0.98
"1:networth.0.99",16529000,927168.50335873,14711713.0044031,18346286.995597,"1 %","white",0.99
"2:networth.0.99",2177920,1034609.56382964,144363.867978605,4211476.13202139,"10 %","Black",0.99
"3:networth.0.99",2236572,1049204.14352746,80814.7815759322,4392329.21842407,"43 %","Latino",0.99
